Location,Case Number,Case Name,Court,Judicial Officer,Date Filed,Case Type,Case Status,Plaintiff,Petitioner,Defendent,Serve Date,Compensation,Pro Se Filer,Mean
0001-01.html,"(1.000000238418579, 1.000000238418579, 1.000000238418579)","(1.000000238418579, 1.000000238418579, 1.000000238418579)","(1.000000238418579, 1.000000238418579, 1.000000238418579)","(1.000000238418579, 1.000000238418579, 1.000000238418579)","(1.000000238418579, 1.000000238418579, 1.000000238418579)","(1.000000238418579, 1.000000238418579, 1.000000238418579)","(0.7693561315536499, 0.7693561315536499, 0.7693561315536499)","(0.31463244557380676, 0.21716716885566711, 0.25696834921836853)","(0.6048328876495361, 0.28231996297836304, 0.38495373725891113)","(0.5893555283546448, 0.2612850069999695, 0.36205601692199707)","(1.000000238418579, 1.000000238418579, 1.000000238418579)","(0.3990824818611145, 0.6714688539505005, 0.5006232261657715)","(1.000000238418579, 1.000000238418579, 1.000000238418579)","['avg', 0.821327805519104, 0.7847384810447693, 0.7903046011924744]"
0005-01.html,"(1.000000238418579, 1.000000238418579, 1.000000238418579)","(1.000000238418579, 1.000000238418579, 1.000000238418579)","(1.000000238418579, 1.000000238418579, 1.000000238418579)","(1.000000238418579, 1.000000238418579, 1.000000238418579)","(0.5966777205467224, 0.4835623502731323, 0.5341977477073669)","(0.5902023315429688, 0.3248535096645355, 0.4190548360347748)","(0.3146321773529053, 0.21716707944869995, 0.256968230009079)","(0.6048329472541809, 0.2816951870918274, 0.3843725323677063)","(1.000000238418579, 1.000000238418579, 1.000000238418579)","(0.5125901699066162, 0.5692991018295288, 0.5394583940505981)","(0.3990824818611145, 0.6714688539505005, 0.5006232261657715)","(0.7693561315536499, 0.7693561315536499, 0.7693561315536499)","(1.000000238418579, 1.000000238418579, 1.000000238418579)","['avg', 0.752875030040741, 0.7167233824729919, 0.7233871221542358]"
0006-01.html,"(1.0000001192092896, 1.0000001192092896, 1.0000001192092896)","(1.0000001192092896, 1.0000001192092896, 1.0000001192092896)","(1.0000001192092896, 1.0000001192092896, 1.0000001192092896)","(0.6264839768409729, 0.6264839768409729, 0.6264839768409729)","(1.0000001192092896, 1.0000001192092896, 1.0000001192092896)","(1.0000001192092896, 1.0000001192092896, 1.0000001192092896)","(0.6956984400749207, 0.287011057138443, 0.40637266635894775)","(0.4582778811454773, 0.2200503945350647, 0.29733163118362427)","(0.6500277519226074, 0.2290264070034027, 0.3387129604816437)","(0.7573291063308716, 0.30084776878356934, 0.4306288957595825)","(1.0000001192092896, 1.0000001192092896, 1.0000001192092896)","(1.0000001192092896, 1.0000001192092896, 1.0000001192092896)","(1.0000001192092896, 1.0000001192092896, 1.0000001192092896)","['avg', 0.8606014251708984, 0.7433400750160217, 0.7768869996070862]"
0007-01.html,"(1.0000001192092896, 1.0000001192092896, 1.0000001192092896)","(1.0000001192092896, 1.0000001192092896, 1.0000001192092896)","(1.0000001192092896, 1.0000001192092896, 1.0000001192092896)","(1.0000001192092896, 1.0000001192092896, 1.0000001192092896)","(1.0000001192092896, 1.0000001192092896, 1.0000001192092896)","(1.0000001192092896, 1.0000001192092896, 1.0000001192092896)","(0.33887603878974915, 0.2506183981895447, 0.28814035654067993)","(0.22826777398586273, 0.14735378324985504, 0.1790957897901535)","(0.23877376317977905, 0.16340619325637817, 0.1940281242132187)","(0.381499707698822, 0.8005141615867615, 0.5167382955551147)","(0.534216046333313, 0.534216046333313, 0.534216046333313)","(0.7693561315536499, 0.7693561315536499, 0.7693561315536499)","(1.0000001192092896, 1.0000001192092896, 1.0000001192092896)","['avg', 0.7300761938095093, 0.7434973120689392, 0.7293519377708435]"
0013-01.html,"(1.0000003576278687, 1.0000003576278687, 1.0000003576278687)","(1.0000003576278687, 1.0000003576278687, 1.0000003576278687)","(1.0000003576278687, 1.0000003576278687, 1.0000003576278687)","(1.0000003576278687, 1.0000003576278687, 1.0000003576278687)","(0.7898931503295898, 0.45970726013183594, 0.5811771750450134)","(0.8040845394134521, 0.4448680579662323, 0.572818398475647)","(0.6238452792167664, 0.23843346536159515, 0.3450058102607727)","(0.6110166311264038, 0.5102589130401611, 0.556110680103302)","(0.21988290548324585, 0.36873289942741394, 0.2754872143268585)","(0.1596703827381134, 0.27082905173301697, 0.2008986473083496)","(0.6355602741241455, 0.3224959373474121, 0.4278780519962311)","(1.0000003576278687, 1.0000003576278687, 1.0000003576278687)","(1.0000003576278687, 1.0000003576278687, 1.0000003576278687)","['avg', 0.7572273015975952, 0.6627175211906433, 0.6891829371452332]"
0015-01.html,"(0.9999999403953552, 0.9999999403953552, 0.9999999403953552)","(0.9999999403953552, 0.9999999403953552, 0.9999999403953552)","(0.9999999403953552, 0.9999999403953552, 0.9999999403953552)","(0.6034693717956543, 0.37923410534858704, 0.4657685160636902)","(0.5252057313919067, 0.1966032087802887, 0.28610655665397644)","(0.2485135793685913, 0.18090352416038513, 0.20938608050346375)","(0.3395349085330963, 0.21893183887004852, 0.26621103286743164)","(0.37811630964279175, 0.555084764957428, 0.44982072710990906)","(0.667319655418396, 0.6570672392845154, 0.6621537804603577)","(0.15997391939163208, 0.27082911133766174, 0.20113876461982727)","(0.6738262176513672, 0.4493756592273712, 0.5391748547554016)","(0.9999999403953552, 0.9999999403953552, 0.9999999403953552)","(0.9999999403953552, 0.9999999403953552, 0.9999999403953552)","['avg', 0.6612276434898376, 0.6083098649978638, 0.6215200424194336]"
0017-01.html,"(1.0000001192092896, 1.0000001192092896, 1.0000001192092896)","(0.8147438764572144, 0.8147438764572144, 0.8147438764572144)","(1.0000001192092896, 1.0000001192092896, 1.0000001192092896)","(1.0000001192092896, 1.0000001192092896, 1.0000001192092896)","(1.0000001192092896, 1.0000001192092896, 1.0000001192092896)","(1.0000001192092896, 1.0000001192092896, 1.0000001192092896)","(1.0000001192092896, 1.0000001192092896, 1.0000001192092896)","(0.5930492281913757, 0.34927546977996826, 0.4396309554576874)","(0.33336758613586426, 0.2115010917186737, 0.25880587100982666)","(0.736631453037262, 0.15011999011039734, 0.24941173195838928)","(1.0000001192092896, 1.0000001192092896, 1.0000001192092896)","(1.0000001192092896, 1.0000001192092896, 1.0000001192092896)","(1.0000001192092896, 1.0000001192092896, 1.0000001192092896)","['avg', 0.8829071521759033, 0.809664785861969, 0.8278917670249939]"
0019-01.html,"(1.0000001192092896, 1.0000001192092896, 1.0000001192092896)","(1.0000001192092896, 1.0000001192092896, 1.0000001192092896)","(1.0000001192092896, 1.0000001192092896, 1.0000001192092896)","(1.0000001192092896, 1.0000001192092896, 1.0000001192092896)","(1.0000001192092896, 1.0000001192092896, 1.0000001192092896)","(1.0000001192092896, 1.0000001192092896, 1.0000001192092896)","(1.0000001192092896, 1.0000001192092896, 1.0000001192092896)","(0.8110705614089966, 0.39128491282463074, 0.5278965830802917)","(0.6288334131240845, 0.31836313009262085, 0.42271557450294495)","(0.5359097719192505, 0.48648062348365784, 0.5100003480911255)","(0.39908239245414734, 0.6714687347412109, 0.5006231069564819)","(0.7693561315536499, 0.7693561315536499, 0.7693561315536499)","(1.0000001192092896, 1.0000001192092896, 1.0000001192092896)","['avg', 0.8572502136230469, 0.8182273507118225, 0.8254302144050598]"
0023-01.html,"(1.0000001192092896, 1.0000001192092896, 1.0000001192092896)","(1.0000001192092896, 1.0000001192092896, 1.0000001192092896)","(1.0000001192092896, 1.0000001192092896, 1.0000001192092896)","(1.0000001192092896, 1.0000001192092896, 1.0000001192092896)","(1.0000001192092896, 1.0000001192092896, 1.0000001192092896)","(1.0000001192092896, 1.0000001192092896, 1.0000001192092896)","(0.6815382838249207, 0.32542285323143005, 0.4405098259449005)","(0.40003207325935364, 0.2631824314594269, 0.31748828291893005)","(0.358765572309494, 0.1403323858976364, 0.20174969732761383)","(1.0000001192092896, 1.0000001192092896, 1.0000001192092896)","(0.4682062864303589, 0.7530234456062317, 0.5774021148681641)","(0.4029492139816284, 0.42301374673843384, 0.41273778676986694)","(1.0000001192092896, 1.0000001192092896, 1.0000001192092896)","['avg', 0.79319167137146, 0.761921226978302, 0.765376091003418]"
0026-01.html,"(1.0000001192092896, 1.0000001192092896, 1.0000001192092896)","(1.0000001192092896, 1.0000001192092896, 1.0000001192092896)","(0.779866099357605, 0.779866099357605, 0.779866099357605)","(1.0000001192092896, 1.0000001192092896, 1.0000001192092896)","(1.0000001192092896, 1.0000001192092896, 1.0000001192092896)","(1.0000001192092896, 1.0000001192092896, 1.0000001192092896)","(0.38384291529655457, 0.20507735013961792, 0.2673281729221344)","(0.620233416557312, 0.2147928774356842, 0.31908389925956726)","(0.6528385281562805, 0.16459940373897552, 0.26291128993034363)","(0.6905924081802368, 0.20461644232273102, 0.315695196390152)","(0.4682062864303589, 0.7530234456062317, 0.5774021148681641)","(0.19696936011314392, 0.2586929202079773, 0.22365063428878784)","(1.0000001192092896, 1.0000001192092896, 1.0000001192092896)","['avg', 0.7532730102539062, 0.6600514650344849, 0.6727645397186279]"
0029-01.html,"(1.0000003576278687, 1.0000003576278687, 1.0000003576278687)","(1.0000003576278687, 1.0000003576278687, 1.0000003576278687)","(1.0000003576278687, 1.0000003576278687, 1.0000003576278687)","(1.0000003576278687, 1.0000003576278687, 1.0000003576278687)","(1.0000003576278687, 1.0000003576278687, 1.0000003576278687)","(1.0000003576278687, 1.0000003576278687, 1.0000003576278687)","(1.0000003576278687, 1.0000003576278687, 1.0000003576278687)","(0.2466752678155899, 0.18403711915016174, 0.21080146729946136)","(0.5528737306594849, 0.4916529655456543, 0.5204692482948303)","(0.546320378780365, 0.5630793571472168, 0.5545732378959656)","(0.2094738483428955, 0.6164926290512085, 0.3126981258392334)","(1.0000003576278687, 1.0000003576278687, 1.0000003576278687)","(1.0000003576278687, 1.0000003576278687, 1.0000003576278687)","['avg', 0.8119497895240784, 0.8350203633308411, 0.8152726888656616]"
0036-01.html,"(0.0, 0.0, 0.0)","(0.0, 0.0, 0.0)","(0.0, 0.0, 0.0)","(0.0, 0.0, 0.0)","(0.0, 0.0, 0.0)","(0.0, 0.0, 0.0)","(0.0, 0.0, 0.0)","(0.0, 0.20511522889137268, 0.0)","(0.0, 0.21171222627162933, 0.0)","(0.0, 0.18380434811115265, 0.0)","(0.0, 0.0, 0.0)","(0.0, 0.0, 0.0)","(0.0, 0.0, 0.0)","['avg', 0.0, 0.04620244726538658, 0.0]"
0038-01.html,"(1.0000001192092896, 1.0000001192092896, 1.0000001192092896)","(1.0000001192092896, 1.0000001192092896, 1.0000001192092896)","(1.0000001192092896, 1.0000001192092896, 1.0000001192092896)","(1.0000001192092896, 1.0000001192092896, 1.0000001192092896)","(0.8329555988311768, 0.5186755061149597, 0.639277458190918)","(0.27588629722595215, 0.11242471635341644, 0.15975049138069153)","(0.43602460622787476, 0.26658886671066284, 0.3308769762516022)","(0.35550665855407715, 0.1975935399532318, 0.2540075480937958)","(1.0000001192092896, 1.0000001192092896, 1.0000001192092896)","(0.381499707698822, 0.8005141615867615, 0.5167382955551147)","(0.3551953136920929, 0.6714687347412109, 0.4646165370941162)","(0.5148338675498962, 0.4791940450668335, 0.49637505412101746)","(1.0000001192092896, 1.0000001192092896, 1.0000001192092896)","['avg', 0.703992486000061, 0.6958815455436707, 0.6816648244857788]"
0041-01.html,"(1.000000238418579, 1.000000238418579, 1.000000238418579)","(1.000000238418579, 1.000000238418579, 1.000000238418579)","(1.000000238418579, 1.000000238418579, 1.000000238418579)","(0.8599393367767334, 0.8599393367767334, 0.8599392771720886)","(1.000000238418579, 1.000000238418579, 1.000000238418579)","(1.000000238418579, 1.000000238418579, 1.000000238418579)","(1.000000238418579, 1.000000238418579, 1.000000238418579)","(1.000000238418579, 1.000000238418579, 1.000000238418579)","(1.000000238418579, 1.000000238418579, 1.000000238418579)","(0.536810040473938, 0.5053225755691528, 0.520590603351593)","(0.5135623216629028, 0.48555052280426025, 0.49916374683380127)","(0.7693561315536499, 0.7693561315536499, 0.7693561315536499)","(1.000000238418579, 1.000000238418579, 1.000000238418579)","['avg', 0.8984361886978149, 0.8938592672348022, 0.8960809111595154]"
0048-01.html,"(1.0000001192092896, 1.0000001192092896, 1.0000001192092896)","(1.0000001192092896, 1.0000001192092896, 1.0000001192092896)","(1.0000001192092896, 1.0000001192092896, 1.0000001192092896)","(0.8482261300086975, 0.8482261300086975, 0.8482261300086975)","(0.818397045135498, 0.818397045135498, 0.8183969855308533)","(1.0000001192092896, 1.0000001192092896, 1.0000001192092896)","(0.7693561315536499, 0.7693561315536499, 0.7693561315536499)","(1.0000001192092896, 1.0000001192092896, 1.0000001192092896)","(1.0000001192092896, 1.0000001192092896, 1.0000001192092896)","(1.0000001192092896, 1.0000001192092896, 1.0000001192092896)","(0.4986470937728882, 0.20543774962425232, 0.29099032282829285)","(0.4846157431602478, 0.42163610458374023, 0.45093753933906555)","(1.0000001192092896, 1.0000001192092896, 1.0000001192092896)","['avg', 0.8784033060073853, 0.8510041832923889, 0.8598390817642212]"
0051-01.html,"(1.000000238418579, 1.000000238418579, 1.000000238418579)","(1.000000238418579, 1.000000238418579, 1.000000238418579)","(1.000000238418579, 1.000000238418579, 1.000000238418579)","(1.000000238418579, 1.000000238418579, 1.000000238418579)","(0.833478569984436, 0.3953668475151062, 0.5363242626190186)","(0.5024521946907043, 0.33661216497421265, 0.40314313769340515)","(0.4863274097442627, 0.25330668687820435, 0.33311063051223755)","(0.42458823323249817, 0.18610472977161407, 0.2587810158729553)","(1.000000238418579, 1.000000238418579, 1.000000238418579)","(0.6374884247779846, 0.2266557365655899, 0.33441275358200073)","(0.425148069858551, 0.7530232667922974, 0.5434631705284119)","(0.1952744871377945, 0.25869300961494446, 0.22255399823188782)","(1.000000238418579, 1.000000238418579, 1.000000238418579)","['avg', 0.7311353087425232, 0.6469048857688904, 0.6639838814735413]"
0053-01.html,"(1.000000238418579, 1.000000238418579, 1.000000238418579)","(1.000000238418579, 1.000000238418579, 1.000000238418579)","(1.000000238418579, 1.000000238418579, 1.000000238418579)","(1.000000238418579, 1.000000238418579, 1.000000238418579)","(1.000000238418579, 1.000000238418579, 1.000000238418579)","(1.000000238418579, 1.000000238418579, 1.000000238418579)","(1.000000238418579, 1.000000238418579, 1.000000238418579)","(0.2568044364452362, 0.16112886369228363, 0.19801536202430725)","(0.6041167378425598, 0.15102918446063995, 0.24164670705795288)","(0.37110549211502075, 0.18802325427532196, 0.2495899498462677)","(0.4682062268257141, 0.7530232667922974, 0.5774019956588745)","(0.1952744871377945, 0.25869300961494446, 0.22255399823188782)","(1.000000238418579, 1.000000238418579, 1.000000238418579)","['avg', 0.7611929774284363, 0.7316845655441284, 0.7299391627311707]"
0056-01.html,"(1.0000001192092896, 1.0000001192092896, 1.0000001192092896)","(1.0000001192092896, 1.0000001192092896, 1.0000001192092896)","(1.0000001192092896, 1.0000001192092896, 1.0000001192092896)","(1.0000001192092896, 1.0000001192092896, 1.0000001192092896)","(0.7184197902679443, 0.7184197902679443, 0.7184197902679443)","(0.27040672302246094, 0.22211991250514984, 0.24389632046222687)","(0.3727055788040161, 0.22589921951293945, 0.28130045533180237)","(0.22132723033428192, 0.12474820017814636, 0.15956160426139832)","(0.5125972032546997, 0.1523139476776123, 0.23484553396701813)","(0.381499707698822, 0.8005141615867615, 0.5167382955551147)","(0.39908239245414734, 0.6714687347412109, 0.5006231069564819)","(0.7693561315536499, 0.7693561315536499, 0.7693561315536499)","(1.0000001192092896, 1.0000001192092896, 1.0000001192092896)","['avg', 0.6650304198265076, 0.6680647134780884, 0.6480570435523987]"
0060-01.html,"(1.0000003576278687, 1.0000003576278687, 1.0000003576278687)","(1.0000003576278687, 1.0000003576278687, 1.0000003576278687)","(1.0000003576278687, 1.0000003576278687, 1.0000003576278687)","(0.8599389791488647, 0.8599389791488647, 0.8599389791488647)","(0.7492204904556274, 0.7492204904556274, 0.7492204904556274)","(1.0000003576278687, 1.0000003576278687, 1.0000003576278687)","(1.0000003576278687, 1.0000003576278687, 1.0000003576278687)","(1.0000003576278687, 1.0000003576278687, 1.0000003576278687)","(0.5151405334472656, 0.7415123581886292, 0.6079373359680176)","(0.5645411610603333, 0.6044820547103882, 0.5838292837142944)","(0.6686966419219971, 0.6735971570014954, 0.6711379885673523)","(1.0000003576278687, 1.0000003576278687, 1.0000003576278687)","(1.0000003576278687, 1.0000003576278687, 1.0000003576278687)","['avg', 0.8736569285392761, 0.8945195078849792, 0.8824666738510132]"
0070-01.html,"(1.0000001192092896, 1.0000001192092896, 1.0000001192092896)","(1.0000001192092896, 1.0000001192092896, 1.0000001192092896)","(1.0000001192092896, 1.0000001192092896, 1.0000001192092896)","(1.0000001192092896, 1.0000001192092896, 1.0000001192092896)","(1.0000001192092896, 1.0000001192092896, 1.0000001192092896)","(1.0000001192092896, 1.0000001192092896, 1.0000001192092896)","(1.0000001192092896, 1.0000001192092896, 1.0000001192092896)","(0.6815382838249207, 0.32542285323143005, 0.4405098259449005)","(0.7194617986679077, 0.38979166746139526, 0.5056377649307251)","(0.7141383290290833, 0.23055556416511536, 0.3485754728317261)","(0.4682062864303589, 0.7530234456062317, 0.5774021148681641)","(0.1952744424343109, 0.2586929202079773, 0.22255396842956543)","(1.0000001192092896, 1.0000001192092896, 1.0000001192092896)","['avg', 0.8291245698928833, 0.7659605741500854, 0.7765138149261475]"
0077-01.html,"(0.9181020855903625, 0.9181020855903625, 0.9181020855903625)","(0.9999999403953552, 0.9999999403953552, 0.9999999403953552)","(0.9999999403953552, 0.9999999403953552, 0.9999999403953552)","(0.9999999403953552, 0.9999999403953552, 0.9999999403953552)","(0.9999999403953552, 0.9999999403953552, 0.9999999403953552)","(0.9999999403953552, 0.9999999403953552, 0.9999999403953552)","(0.7693561911582947, 0.7693561911582947, 0.7693561911582947)","(0.9999999403953552, 0.9999999403953552, 0.9999999403953552)","(0.9999999403953552, 0.9999999403953552, 0.9999999403953552)","(0.9999999403953552, 0.9999999403953552, 0.9999999403953552)","(0.9999999403953552, 0.9999999403953552, 0.9999999403953552)","(0.3990825414657593, 0.6714687943458557, 0.5006232857704163)","(0.9999999403953552, 0.9999999403953552, 0.9999999403953552)","['avg', 0.9297338724136353, 0.9506866931915283, 0.9375447630882263]"
0080-01.html,"(1.000000238418579, 1.000000238418579, 1.000000238418579)","(1.000000238418579, 1.000000238418579, 1.000000238418579)","(1.000000238418579, 1.000000238418579, 1.000000238418579)","(1.000000238418579, 1.000000238418579, 1.000000238418579)","(1.000000238418579, 1.000000238418579, 1.000000238418579)","(1.000000238418579, 1.000000238418579, 1.000000238418579)","(1.000000238418579, 1.000000238418579, 1.000000238418579)","(1.000000238418579, 1.000000238418579, 1.000000238418579)","(1.000000238418579, 1.000000238418579, 1.000000238418579)","(0.7331697344779968, 0.36621659994125366, 0.48845237493515015)","(0.6396234035491943, 0.4971437156200409, 0.5594545006752014)","(0.13433042168617249, 0.25891250371932983, 0.17688722908496857)","(1.000000238418579, 1.000000238418579, 1.000000238418579)","['avg', 0.8851635456085205, 0.8555596470832825, 0.8634458780288696]"
0084-01.html,"(1.0000003576278687, 1.0000003576278687, 1.0000003576278687)","(1.0000003576278687, 1.0000003576278687, 1.0000003576278687)","(1.0000003576278687, 1.0000003576278687, 1.0000003576278687)","(1.0000003576278687, 1.0000003576278687, 1.0000003576278687)","(1.0000003576278687, 1.0000003576278687, 1.0000003576278687)","(1.0000003576278687, 1.0000003576278687, 1.0000003576278687)","(1.0000003576278687, 1.0000003576278687, 1.0000003576278687)","(0.5890926122665405, 0.5338504910469055, 0.560112714767456)","(0.6820904016494751, 0.6400153040885925, 0.6603833436965942)","(0.6589123606681824, 0.5665756464004517, 0.6092653870582581)","(0.673728346824646, 0.673728346824646, 0.673728346824646)","(1.0000003576278687, 1.0000003576278687, 1.0000003576278687)","(1.0000003576278687, 1.0000003576278687, 1.0000003576278687)","['avg', 0.8926020860671997, 0.8780133128166199, 0.8848839998245239]"
0086-01.html,"(0.0, 0.0, 0.0)","(0.0, 0.0, 0.0)","(0.0, 0.0, 0.0)","(0.0, 0.0, 0.0)","(0.0, 0.0, 0.0)","(0.0, 0.0, 0.0)","(0.0, 0.0, 0.0)","(0.0, 0.0, 0.0)","(0.0, 0.0, 0.0)","(0.0, 0.0, 0.0)","(0.46820637583732605, 0.0, 0.0)","(0.6538748145103455, 0.6279444694519043, 0.6406473517417908)","(0.0, 0.0, 0.0)","['avg', 0.08631393313407898, 0.04830342158675194, 0.0492805652320385]"
0090-01.html,"(1.000000238418579, 1.000000238418579, 1.000000238418579)","(1.000000238418579, 1.000000238418579, 1.000000238418579)","(1.000000238418579, 1.000000238418579, 1.000000238418579)","(1.000000238418579, 1.000000238418579, 1.000000238418579)","(1.000000238418579, 1.000000238418579, 1.000000238418579)","(1.000000238418579, 1.000000238418579, 1.000000238418579)","(0.7693561315536499, 0.7693561315536499, 0.7693561315536499)","(0.789893388748169, 0.4597073197364807, 0.5811773538589478)","(0.8425706624984741, 0.4570772051811218, 0.5926526188850403)","(0.39131075143814087, 0.22263005375862122, 0.2837978005409241)","(1.000000238418579, 1.000000238418579, 1.000000238418579)","(0.3990824818611145, 0.6714688539505005, 0.5006232261657715)","(1.000000238418579, 1.000000238418579, 1.000000238418579)","['avg', 0.8609396815299988, 0.8138647675514221, 0.8252007365226746]"
0093-01.html,"(1.0000001192092896, 1.0000001192092896, 1.0000001192092896)","(1.0000001192092896, 1.0000001192092896, 1.0000001192092896)","(1.0000001192092896, 1.0000001192092896, 1.0000001192092896)","(1.0000001192092896, 1.0000001192092896, 1.0000001192092896)","(0.7828438878059387, 0.7828438878059387, 0.782843828201294)","(1.0000001192092896, 1.0000001192092896, 1.0000001192092896)","(1.0000001192092896, 1.0000001192092896, 1.0000001192092896)","(1.0000001192092896, 1.0000001192092896, 1.0000001192092896)","(1.0000001192092896, 1.0000001192092896, 1.0000001192092896)","(0.6075462698936462, 0.6785742044448853, 0.6410989761352539)","(0.6396094560623169, 0.5341907739639282, 0.582166314125061)","(0.7693561315536499, 0.7693561315536499, 0.7693561315536499)","(1.0000001192092896, 1.0000001192092896, 1.0000001192092896)","['avg', 0.9076427817344666, 0.9049972891807556, 0.9058051705360413]"
0099-01.html,"(0.9999999403953552, 0.9999999403953552, 0.9999999403953552)","(0.9999999403953552, 0.9999999403953552, 0.9999999403953552)","(0.9999999403953552, 0.9999999403953552, 0.9999999403953552)","(0.9999999403953552, 0.9999999403953552, 0.9999999403953552)","(0.9999999403953552, 0.9999999403953552, 0.9999999403953552)","(0.9999999403953552, 0.9999999403953552, 0.9999999403953552)","(0.9999999403953552, 0.9999999403953552, 0.9999999403953552)","(0.3099873960018158, 0.2337539941072464, 0.2665266692638397)","(0.5074809193611145, 0.4801296591758728, 0.49342653155326843)","(0.660589337348938, 0.5413250923156738, 0.5950400233268738)","(0.3635742664337158, 0.6451471447944641, 0.46506181359291077)","(0.9999999403953552, 0.9999999403953552, 0.9999999403953552)","(0.9999999403953552, 0.9999999403953552, 0.9999999403953552)","['avg', 0.8339716196060181, 0.8384889364242554, 0.8323118686676025]"
0103-01.html,"(0.0, 0.0, 0.0)","(0.0, 0.0, 0.0)","(0.0, 0.0, 0.0)","(0.0, 0.0, 0.0)","(0.0, 0.0, 0.0)","(0.0, 0.28606098890304565, 0.0)","(0.0, 0.25483042001724243, 0.0)","(0.0, 0.2595410645008087, 0.0)","(0.0, 0.32011014223098755, 0.0)","(0.0, 0.0, 0.0)","(0.0, 0.0, 0.0)","(0.0, 0.0, 0.0)","(0.0, 0.0, 0.0)","['avg', 0.0, 0.08619558811187744, 0.0]"
0105-01.html,"(0.9999999403953552, 0.9999999403953552, 0.9999999403953552)","(0.9999999403953552, 0.9999999403953552, 0.9999999403953552)","(0.9999999403953552, 0.9999999403953552, 0.9999999403953552)","(0.9999999403953552, 0.9999999403953552, 0.9999999403953552)","(0.9999999403953552, 0.9999999403953552, 0.9999999403953552)","(0.9999999403953552, 0.9999999403953552, 0.9999999403953552)","(0.9999999403953552, 0.9999999403953552, 0.9999999403953552)","(0.9999999403953552, 0.9999999403953552, 0.9999999403953552)","(0.4961472749710083, 0.7164486646652222, 0.5862860679626465)","(0.5767323970794678, 0.5989973545074463, 0.5876540541648865)","(0.6164739727973938, 0.5711632966995239, 0.5929542779922485)","(0.9999999403953552, 0.9999999403953552, 0.9999999403953552)","(0.9999999403953552, 0.9999999403953552, 0.9999999403953552)","['avg', 0.8991810083389282, 0.9143545627593994, 0.9051456451416016]"
0109-01.html,"(1.0000001192092896, 1.0000001192092896, 1.0000001192092896)","(1.0000001192092896, 1.0000001192092896, 1.0000001192092896)","(1.0000001192092896, 1.0000001192092896, 1.0000001192092896)","(0.776967465877533, 0.776967465877533, 0.776967465877533)","(1.0000001192092896, 1.0000001192092896, 1.0000001192092896)","(1.0000001192092896, 1.0000001192092896, 1.0000001192092896)","(1.0000001192092896, 1.0000001192092896, 1.0000001192092896)","(1.0000001192092896, 1.0000001192092896, 1.0000001192092896)","(1.0000001192092896, 1.0000001192092896, 1.0000001192092896)","(1.0000001192092896, 1.0000001192092896, 1.0000001192092896)","(0.4682062566280365, 0.7530233860015869, 0.5774020552635193)","(0.8251445293426514, 0.772784948348999, 0.798106849193573)","(1.0000001192092896, 1.0000001192092896, 1.0000001192092896)","['avg', 0.9284861087799072, 0.9463675022125244, 0.9348059296607971]"
0111-01.html,"(1.000000238418579, 1.000000238418579, 1.000000238418579)","(1.000000238418579, 1.000000238418579, 1.000000238418579)","(1.000000238418579, 1.000000238418579, 1.000000238418579)","(1.000000238418579, 1.000000238418579, 1.000000238418579)","(0.8183967471122742, 0.8183967471122742, 0.8183967471122742)","(1.000000238418579, 1.000000238418579, 1.000000238418579)","(1.000000238418579, 1.000000238418579, 1.000000238418579)","(1.000000238418579, 1.000000238418579, 1.000000238418579)","(1.000000238418579, 1.000000238418579, 1.000000238418579)","(1.000000238418579, 1.000000238418579, 1.000000238418579)","(1.000000238418579, 1.000000238418579, 1.000000238418579)","(0.6736270189285278, 0.6972177624702454, 0.6852193474769592)","(1.000000238418579, 1.000000238418579, 1.000000238418579)","['avg', 0.9609251618385315, 0.9627398252487183, 0.9618168473243713]"
0119-01.html,"(0.0, 0.0, 0.0)","(0.0, 0.0, 0.0)","(0.0, 0.0, 0.0)","(0.7693561911582947, 0.0, 0.0)","(0.0, 0.0, 0.0)","(0.0, 0.0, 0.0)","(0.0, 0.0, 0.0)","(0.29653283953666687, 0.0, 0.0)","(0.3814997673034668, 0.0, 0.0)","(0.3990825414657593, 0.0, 0.0)","(0.0, 0.0, 0.0)","(0.0, 0.0, 0.0)","(0.0, 0.0, 0.0)","['avg', 0.14203625917434692, 0.0, 0.0]"
0120-01.html,"(0.0, 0.0, 0.0)","(0.0, 0.0, 0.0)","(0.0, 0.0, 0.0)","(0.0, 0.0, 0.0)","(0.0, 0.0, 0.0)","(0.0, 0.0, 0.0)","(0.0, 0.0, 0.0)","(0.37811627984046936, 0.0, 0.0)","(0.2203303426504135, 0.0, 0.0)","(0.1608891785144806, 0.0, 0.0)","(0.673728346824646, 0.0, 0.0)","(0.0, 0.26451438665390015, 0.0)","(0.0, 0.0, 0.0)","['avg', 0.11023569852113724, 0.02034725993871689, 0.0]"
0122-01.html,"(0.0, 0.0, 0.0)","(0.0, 0.0, 0.0)","(0.0, 0.0, 0.0)","(0.0, 0.0, 0.0)","(0.0, 0.0, 0.0)","(0.0, 0.0, 0.0)","(0.0, 0.0, 0.0)","(0.0, 0.0, 0.0)","(0.0, 0.0, 0.0)","(0.0, 0.0, 0.0)","(0.4682062268257141, 0.0, 0.0)","(0.6707527041435242, 0.4125053882598877, 0.5108461380004883)","(0.0, 0.0, 0.0)","['avg', 0.08761222660541534, 0.03173118457198143, 0.03929585590958595]"
0125-01.html,"(1.0000003576278687, 1.0000003576278687, 1.0000003576278687)","(1.0000003576278687, 1.0000003576278687, 1.0000003576278687)","(1.0000003576278687, 1.0000003576278687, 1.0000003576278687)","(0.7057084441184998, 0.7057084441184998, 0.7057084441184998)","(0.9304752349853516, 0.9304752349853516, 0.9304752349853516)","(1.0000003576278687, 1.0000003576278687, 1.0000003576278687)","(0.31902167201042175, 0.26894140243530273, 0.29184871912002563)","(0.5092760324478149, 0.25045377016067505, 0.33577752113342285)","(0.6037479043006897, 0.4490833282470703, 0.5150552988052368)","(0.5799844264984131, 0.5805760622024536, 0.5802801251411438)","(1.0000003576278687, 1.0000003576278687, 1.0000003576278687)","(0.27520474791526794, 0.5662278532981873, 0.37038877606391907)","(1.0000003576278687, 1.0000003576278687, 1.0000003576278687)","['avg', 0.7633400559425354, 0.7501129508018494, 0.7484258413314819]"
0139-01.html,"(1.000000238418579, 1.000000238418579, 1.000000238418579)","(1.000000238418579, 1.000000238418579, 1.000000238418579)","(1.000000238418579, 1.000000238418579, 1.000000238418579)","(0.7865085601806641, 0.7865085601806641, 0.7865085601806641)","(1.000000238418579, 1.000000238418579, 1.000000238418579)","(1.000000238418579, 1.000000238418579, 1.000000238418579)","(1.000000238418579, 1.000000238418579, 1.000000238418579)","(1.000000238418579, 1.000000238418579, 1.000000238418579)","(1.000000238418579, 1.000000238418579, 1.000000238418579)","(0.38149961829185486, 0.8005138635635376, 0.5167381167411804)","(0.3990824818611145, 0.6714688539505005, 0.5006232261657715)","(0.579497218132019, 0.4576799273490906, 0.5114348530769348)","(1.000000238418579, 1.000000238418579, 1.000000238418579)","['avg', 0.8574300408363342, 0.9012441039085388, 0.870408296585083]"
0140-01.html,"(0.0, 0.0, 0.0)","(0.0, 0.0, 0.0)","(0.0, 0.0, 0.0)","(0.0, 0.0, 0.0)","(0.0, 0.0, 0.0)","(0.0, 0.0, 0.0)","(0.0, 0.0, 0.0)","(0.0, 0.0, 0.0)","(0.0, 0.0, 0.0)","(0.0, 0.0, 0.0)","(0.4682062268257141, 0.0, 0.0)","(0.7173928618431091, 0.6465004682540894, 0.6801042556762695)","(0.0, 0.0, 0.0)","['avg', 0.09119992703199387, 0.049730803817510605, 0.052315711975097656]"
0142-01.html,"(0.0, 0.0, 0.0)","(0.0, 0.0, 0.0)","(0.0, 0.0, 0.0)","(0.0, 0.0, 0.0)","(0.0, 0.0, 0.0)","(0.0, 0.0, 0.0)","(0.0, 0.0, 0.0)","(0.0, 0.0, 0.0)","(0.0, 0.0, 0.0)","(0.0, 0.0, 0.0)","(0.4682062268257141, 0.0, 0.0)","(0.6478466987609863, 0.4501023292541504, 0.5311672687530518)","(0.0, 0.0, 0.0)","['avg', 0.08585022389888763, 0.03462325781583786, 0.04085902124643326]"
0149-01.html,"(0.0, 0.0, 0.0)","(0.0, 0.0, 0.0)","(0.0, 0.0, 0.0)","(0.0, 0.0, 0.0)","(0.0, 0.0, 0.0)","(0.0, 0.0, 0.0)","(0.0, 0.0, 0.0)","(0.0, 0.0, 0.0)","(0.0, 0.0, 0.0)","(0.0, 0.0, 0.0)","(0.4682062864303589, 0.0, 0.0)","(0.19527460634708405, 0.0, 0.0)","(0.0, 0.0, 0.0)","['avg', 0.05103699117898941, 0.0, 0.0]"
0151-01.html,"(1.0000001192092896, 1.0000001192092896, 1.0000001192092896)","(1.0000001192092896, 1.0000001192092896, 1.0000001192092896)","(1.0000001192092896, 1.0000001192092896, 1.0000001192092896)","(1.0000001192092896, 1.0000001192092896, 1.0000001192092896)","(1.0000001192092896, 1.0000001192092896, 1.0000001192092896)","(1.0000001192092896, 1.0000001192092896, 1.0000001192092896)","(1.0000001192092896, 1.0000001192092896, 1.0000001192092896)","(1.0000001192092896, 1.0000001192092896, 1.0000001192092896)","(1.0000001192092896, 1.0000001192092896, 1.0000001192092896)","(0.1269945502281189, 0.04308037832379341, 0.06433603912591934)","(0.6474608778953552, 0.6040610074996948, 0.6250084638595581)","(0.34127768874168396, 0.6950615644454956, 0.4577825367450714)","(1.0000001192092896, 1.0000001192092896, 1.0000001192092896)","['avg', 0.8550564646720886, 0.8724772334098816, 0.8574714064598083]"
0178-01.html,"(0.0, 0.0, 0.0)","(0.0, 0.0, 0.0)","(0.0, 0.0, 0.0)","(0.0, 0.0, 0.0)","(0.0, 0.0, 0.0)","(0.0, 0.0, 0.0)","(0.0, 0.0, 0.0)","(0.37811627984046936, 0.0, 0.0)","(0.21878454089164734, 0.0, 0.0)","(0.16044586896896362, 0.0, 0.0)","(0.673728346824646, 0.0, 0.0)","(0.0, 0.15781283378601074, 0.0)","(0.0, 0.0, 0.0)","['avg', 0.11008269339799881, 0.012139448896050453, 0.0]"
0180-01.html,"(0.0, 0.0, 0.0)","(0.0, 0.0, 0.0)","(0.0, 0.0, 0.0)","(0.0, 0.0, 0.0)","(0.0, 0.0, 0.0)","(0.0, 0.0, 0.0)","(0.0, 0.0, 0.0)","(0.0, 0.0, 0.0)","(0.0, 0.0, 0.0)","(0.3814997673034668, 0.0, 0.0)","(0.3990825414657593, 0.0, 0.0)","(0.7693561911582947, 0.0, 0.0)","(0.0, 0.0, 0.0)","['avg', 0.11922603100538254, 0.0, 0.0]"
0184-01.html,"(0.0, 0.0, 0.0)","(0.0, 0.0, 0.0)","(0.0, 0.0, 0.0)","(0.0, 0.0, 0.0)","(0.0, 0.0, 0.0)","(0.0, 0.0, 0.0)","(0.7693561315536499, 0.0, 0.0)","(0.0, 0.0, 0.0)","(0.0, 0.0, 0.0)","(0.0, 0.0, 0.0)","(0.0, 0.0, 0.0)","(0.5295241475105286, 0.47562554478645325, 0.5011297464370728)","(0.0, 0.0, 0.0)","['avg', 0.09991387277841568, 0.03658657893538475, 0.03854844346642494]"
0187-01.html,"(1.0000001192092896, 1.0000001192092896, 1.0000001192092896)","(1.0000001192092896, 1.0000001192092896, 1.0000001192092896)","(1.0000001192092896, 1.0000001192092896, 1.0000001192092896)","(1.0000001192092896, 1.0000001192092896, 1.0000001192092896)","(1.0000001192092896, 1.0000001192092896, 1.0000001192092896)","(1.0000001192092896, 1.0000001192092896, 1.0000001192092896)","(1.0000001192092896, 1.0000001192092896, 1.0000001192092896)","(1.0000001192092896, 1.0000001192092896, 1.0000001192092896)","(1.0000001192092896, 1.0000001192092896, 1.0000001192092896)","(0.7416267991065979, 0.7524516582489014, 0.7470000386238098)","(0.638717532157898, 0.5282286405563354, 0.5782424211502075)","(0.7693561315536499, 0.7693561315536499, 0.7693561315536499)","(1.0000001192092896, 1.0000001192092896, 1.0000001192092896)","['avg', 0.9345924854278564, 0.9269259572029114, 0.9303537607192993]"
0188-01.html,"(1.0000001192092896, 1.0000001192092896, 1.0000001192092896)","(1.0000001192092896, 1.0000001192092896, 1.0000001192092896)","(1.0000001192092896, 1.0000001192092896, 1.0000001192092896)","(1.0000001192092896, 1.0000001192092896, 1.0000001192092896)","(1.0000001192092896, 1.0000001192092896, 1.0000001192092896)","(1.0000001192092896, 1.0000001192092896, 1.0000001192092896)","(1.0000001192092896, 1.0000001192092896, 1.0000001192092896)","(1.0000001192092896, 1.0000001192092896, 1.0000001192092896)","(1.0000001192092896, 1.0000001192092896, 1.0000001192092896)","(0.37896788120269775, 0.16511398553848267, 0.23001280426979065)","(0.703486979007721, 0.5677086114883423, 0.6283464431762695)","(0.20444661378860474, 0.2719927132129669, 0.23343156278133392)","(1.0000001192092896, 1.0000001192092896, 1.0000001192092896)","['avg', 0.868223249912262, 0.8465242981910706, 0.8532148003578186]"
0190-01.html,"(0.0, 0.0, 0.0)","(0.0, 0.0, 0.0)","(0.0, 0.0, 0.0)","(0.0, 0.0, 0.0)","(0.0, 0.0, 0.0)","(0.0, 0.0, 0.0)","(0.0, 0.0, 0.0)","(0.0, 0.0, 0.0)","(0.0, 0.0, 0.0)","(0.381499707698822, 0.0, 0.0)","(0.39908239245414734, 0.0, 0.0)","(0.6309216022491455, 0.3902340829372406, 0.48221269249916077)","(0.0, 0.0, 0.0)","['avg', 0.10857720673084259, 0.030018005520105362, 0.03709328547120094]"
0193-01.html,"(0.0, 0.0, 0.0)","(0.0, 0.0, 0.0)","(0.0, 0.0, 0.0)","(0.0, 0.0, 0.0)","(0.0, 0.0, 0.0)","(0.0, 0.0, 0.0)","(0.0, 0.0, 0.0)","(0.0, 0.0, 0.0)","(0.0, 0.0, 0.0)","(0.0, 0.0, 0.0)","(0.4682062864303589, 0.0, 0.0)","(0.7308440804481506, 0.6495413184165955, 0.6877983808517456)","(0.0, 0.0, 0.0)","['avg', 0.09223464876413345, 0.04996471852064133, 0.05290756747126579]"
0196-01.html,"(1.0000003576278687, 1.0000003576278687, 1.0000003576278687)","(1.0000003576278687, 1.0000003576278687, 1.0000003576278687)","(1.0000003576278687, 1.0000003576278687, 1.0000003576278687)","(1.0000003576278687, 1.0000003576278687, 1.0000003576278687)","(1.0000003576278687, 1.0000003576278687, 1.0000003576278687)","(1.0000003576278687, 1.0000003576278687, 1.0000003576278687)","(1.0000003576278687, 1.0000003576278687, 1.0000003576278687)","(0.5248206257820129, 0.297096848487854, 0.3794116973876953)","(0.21964865922927856, 0.14299342036247253, 0.17321935296058655)","(0.39500606060028076, 0.15207666158676147, 0.21960556507110596)","(1.0000003576278687, 1.0000003576278687, 1.0000003576278687)","(1.0000003576278687, 1.0000003576278687, 1.0000003576278687)","(1.0000003576278687, 1.0000003576278687, 1.0000003576278687)","['avg', 0.8568829894065857, 0.8147823810577393, 0.8286339044570923]"
0206-01.html,"(1.0000003576278687, 1.0000003576278687, 1.0000003576278687)","(1.0000003576278687, 1.0000003576278687, 1.0000003576278687)","(1.0000003576278687, 1.0000003576278687, 1.0000003576278687)","(0.8672744631767273, 0.8672744631767273, 0.8672744631767273)","(1.0000003576278687, 1.0000003576278687, 1.0000003576278687)","(1.0000003576278687, 1.0000003576278687, 1.0000003576278687)","(1.0000003576278687, 1.0000003576278687, 1.0000003576278687)","(0.7566202878952026, 0.5466058850288391, 0.6346911787986755)","(0.23651911318302155, 0.19222736358642578, 0.21208547055721283)","(0.6289797425270081, 0.5653735399246216, 0.5954828858375549)","(0.14024317264556885, 0.34053170680999756, 0.19866780936717987)","(1.0000003576278687, 1.0000003576278687, 1.0000003576278687)","(0.5529773235321045, 0.5529773235321045, 0.5529773235321045)","['avg', 0.783278226852417, 0.7742302417755127, 0.7739371061325073]"
0214-01.html,"(0.0, 0.0, 0.0)","(0.0, 0.0, 0.0)","(0.0, 0.0, 0.0)","(0.0, 0.0, 0.0)","(0.0, 0.0, 0.0)","(0.0, 0.0, 0.0)","(0.0, 0.0, 0.0)","(0.37811627984046936, 0.0, 0.0)","(0.22122050821781158, 0.0, 0.0)","(0.16071376204490662, 0.0, 0.0)","(0.673728346824646, 0.0, 0.0)","(0.0, 0.27164793014526367, 0.0)","(0.0, 0.0, 0.0)","['avg', 0.11029068380594254, 0.02089599519968033, 0.0]"
0216-01.html,"(1.000000238418579, 1.000000238418579, 1.000000238418579)","(1.000000238418579, 1.000000238418579, 1.000000238418579)","(1.000000238418579, 1.000000238418579, 1.000000238418579)","(1.000000238418579, 1.000000238418579, 1.000000238418579)","(1.000000238418579, 1.000000238418579, 1.000000238418579)","(1.000000238418579, 1.000000238418579, 1.000000238418579)","(1.000000238418579, 1.000000238418579, 1.000000238418579)","(1.000000238418579, 1.000000238418579, 1.000000238418579)","(1.000000238418579, 1.000000238418579, 1.000000238418579)","(0.5650343894958496, 0.5856122970581055, 0.5751392841339111)","(0.5427659749984741, 0.4850510060787201, 0.5122880339622498)","(0.7693561315536499, 0.7693561315536499, 0.7693561315536499)","(1.000000238418579, 1.000000238418579, 1.000000238418579)","['avg', 0.9136276245117188, 0.9107709527015686, 0.9120604395866394]"
0217-01.html,"(1.000000238418579, 1.000000238418579, 1.000000238418579)","(1.000000238418579, 1.000000238418579, 1.000000238418579)","(1.000000238418579, 1.000000238418579, 1.000000238418579)","(1.000000238418579, 1.000000238418579, 1.000000238418579)","(1.000000238418579, 1.000000238418579, 1.000000238418579)","(1.000000238418579, 1.000000238418579, 1.000000238418579)","(1.000000238418579, 1.000000238418579, 1.000000238418579)","(1.000000238418579, 1.000000238418579, 1.000000238418579)","(1.000000238418579, 1.000000238418579, 1.000000238418579)","(0.5333520770072937, 0.5320290327072144, 0.5326897501945496)","(0.47164386510849, 0.4107450246810913, 0.4390929639339447)","(0.7693561315536499, 0.7693561315536499, 0.7693561315536499)","(1.000000238418579, 1.000000238418579, 1.000000238418579)","['avg', 0.9057196378707886, 0.9009332656860352, 0.9031647443771362]"
0228-01.html,"(0.0, 0.0, 0.0)","(0.0, 0.0, 0.0)","(0.0, 0.0, 0.0)","(0.8672744631767273, 0.0, 0.0)","(0.0, 0.0, 0.0)","(0.0, 0.0, 0.0)","(0.0, 0.0, 0.0)","(0.0, 0.0, 0.0)","(0.0, 0.0, 0.0)","(0.20570196211338043, 0.0, 0.0)","(0.13966701924800873, 0.0, 0.0)","(0.0, 0.22793644666671753, 0.0)","(0.5529773235321045, 0.0, 0.0)","['avg', 0.13581697642803192, 0.017533572390675545, 0.0]"
0235-01.html,"(0.0, 0.0, 0.0)","(0.0, 0.0, 0.0)","(0.0, 0.0, 0.0)","(0.0, 0.0, 0.0)","(0.0, 0.0, 0.0)","(0.0, 0.0, 0.0)","(0.0, 0.0, 0.0)","(0.37811630964279175, 0.0, 0.0)","(0.22033023834228516, 0.0, 0.0)","(0.7320984601974487, 0.7464912533760071, 0.7392247915267944)","(0.5144101977348328, 0.256289541721344, 0.3421253263950348)","(0.0, 0.0, 0.0)","(0.0, 0.0, 0.0)","['avg', 0.14191962778568268, 0.07713698595762253, 0.08318077772855759]"
0237-01.html,"(1.000000238418579, 1.000000238418579, 1.000000238418579)","(1.000000238418579, 1.000000238418579, 1.000000238418579)","(1.000000238418579, 1.000000238418579, 1.000000238418579)","(1.000000238418579, 1.000000238418579, 1.000000238418579)","(1.000000238418579, 1.000000238418579, 1.000000238418579)","(1.000000238418579, 1.000000238418579, 1.000000238418579)","(1.000000238418579, 1.000000238418579, 1.000000238418579)","(1.000000238418579, 1.000000238418579, 1.000000238418579)","(1.000000238418579, 1.000000238418579, 1.000000238418579)","(0.7854716181755066, 0.3661968410015106, 0.4995139539241791)","(0.7111202478408813, 0.6198796033859253, 0.6623726487159729)","(0.1952744871377945, 0.25869300961494446, 0.22255399823188782)","(1.000000238418579, 1.000000238418579, 1.000000238418579)","['avg', 0.8993745446205139, 0.8649824857711792, 0.8757263422012329]"
0244-01.html,"(1.000000238418579, 1.000000238418579, 1.000000238418579)","(1.000000238418579, 1.000000238418579, 1.000000238418579)","(1.000000238418579, 1.000000238418579, 1.000000238418579)","(1.000000238418579, 1.000000238418579, 1.000000238418579)","(1.000000238418579, 1.000000238418579, 1.000000238418579)","(1.000000238418579, 1.000000238418579, 1.000000238418579)","(1.000000238418579, 1.000000238418579, 1.000000238418579)","(1.000000238418579, 1.000000238418579, 1.000000238418579)","(1.000000238418579, 1.000000238418579, 1.000000238418579)","(0.2634636163711548, 0.22621464729309082, 0.24342240393161774)","(0.6469342708587646, 0.5320107340812683, 0.583871066570282)","(0.1952744871377945, 0.25869300961494446, 0.22255399823188782)","(1.000000238418579, 1.000000238418579, 1.000000238418579)","['avg', 0.8542826771736145, 0.8474554419517517, 0.8499884009361267]"
0250-01.html,"(1.0000001192092896, 1.0000001192092896, 1.0000001192092896)","(1.0000001192092896, 1.0000001192092896, 1.0000001192092896)","(1.0000001192092896, 1.0000001192092896, 1.0000001192092896)","(1.0000001192092896, 1.0000001192092896, 1.0000001192092896)","(1.0000001192092896, 1.0000001192092896, 1.0000001192092896)","(1.0000001192092896, 1.0000001192092896, 1.0000001192092896)","(1.0000001192092896, 1.0000001192092896, 1.0000001192092896)","(1.0000001192092896, 1.0000001192092896, 1.0000001192092896)","(1.0000001192092896, 1.0000001192092896, 1.0000001192092896)","(0.5709470510482788, 0.5290810465812683, 0.5492174029350281)","(0.5791798233985901, 0.4918050765991211, 0.531928300857544)","(0.7693561315536499, 0.7693561315536499, 0.7693561315536499)","(1.0000001192092896, 1.0000001192092896, 1.0000001192092896)","['avg', 0.9168833494186401, 0.9069417715072632, 0.9115771055221558]"
0260-01.html,"(1.0000003576278687, 1.0000003576278687, 1.0000003576278687)","(1.0000003576278687, 1.0000003576278687, 1.0000003576278687)","(1.0000003576278687, 1.0000003576278687, 1.0000003576278687)","(1.0000003576278687, 1.0000003576278687, 1.0000003576278687)","(1.0000003576278687, 1.0000003576278687, 1.0000003576278687)","(1.0000003576278687, 1.0000003576278687, 1.0000003576278687)","(1.0000003576278687, 1.0000003576278687, 1.0000003576278687)","(0.3308311998844147, 0.20515978336334229, 0.2532626986503601)","(0.5818955898284912, 0.42377275228500366, 0.4904031753540039)","(0.5160217881202698, 0.5294724106788635, 0.5226605534553528)","(0.2166309952735901, 0.6164926290512085, 0.3206040859222412)","(1.0000003576278687, 1.0000003576278687, 1.0000003576278687)","(1.0000003576278687, 1.0000003576278687, 1.0000003576278687)","['avg', 0.8188756704330444, 0.8288384675979614, 0.8143794536590576]"
0267-01.html,"(0.0, 0.0, 0.0)","(0.0, 0.0, 0.0)","(0.0, 0.0, 0.0)","(0.0, 0.0, 0.0)","(0.0, 0.0, 0.0)","(0.0, 0.0, 0.0)","(0.0, 0.0, 0.0)","(0.0, 0.0, 0.0)","(0.0, 0.0, 0.0)","(0.49445363879203796, 0.49222591519355774, 0.4933372735977173)","(0.592247724533081, 0.49858301877975464, 0.541394054889679)","(0.7693561315536499, 0.0, 0.0)","(0.0, 0.0, 0.0)","['avg', 0.14277365803718567, 0.07621607184410095, 0.07959472388029099]"
0272-01.html,"(1.000000238418579, 1.000000238418579, 1.000000238418579)","(1.000000238418579, 1.000000238418579, 1.000000238418579)","(1.000000238418579, 1.000000238418579, 1.000000238418579)","(1.000000238418579, 1.000000238418579, 1.000000238418579)","(1.000000238418579, 1.000000238418579, 1.000000238418579)","(1.000000238418579, 1.000000238418579, 1.000000238418579)","(1.000000238418579, 1.000000238418579, 1.000000238418579)","(1.000000238418579, 1.000000238418579, 1.000000238418579)","(0.5151405334472656, 0.7415122389793396, 0.607937216758728)","(0.5381335616111755, 0.6190990209579468, 0.5757839679718018)","(0.6009628772735596, 0.5464236736297607, 0.5723970532417297)","(1.000000238418579, 1.000000238418579, 1.000000238418579)","(1.000000238418579, 1.000000238418579, 1.000000238418579)","['avg', 0.8964799642562866, 0.9159259796142578, 0.9043169617652893]"
0279-01.html,"(0.0, 0.0, 0.0)","(0.0, 0.0, 0.0)","(0.0, 0.0, 0.0)","(0.0, 0.0, 0.0)","(0.0, 0.0, 0.0)","(0.0, 0.0, 0.0)","(0.0, 0.0, 0.0)","(0.0, 0.0, 0.0)","(0.0, 0.0, 0.0)","(0.0, 0.2784353792667389, 0.0)","(0.6811815500259399, 0.5787853598594666, 0.6258226633071899)","(0.1952744424343109, 0.0, 0.0)","(0.0, 0.0, 0.0)","['avg', 0.06741969287395477, 0.06594005972146988, 0.048140205442905426]"
0281-01.html,"(0.0, 0.0, 0.0)","(0.0, 0.0, 0.0)","(0.0, 0.0, 0.0)","(0.0, 0.0, 0.0)","(0.0, 0.0, 0.0)","(0.0, 0.0, 0.0)","(0.0, 0.0, 0.0)","(0.0, 0.0, 0.0)","(0.0, 0.0, 0.0)","(0.381499707698822, 0.0, 0.0)","(0.39908239245414734, 0.0, 0.0)","(0.6878206729888916, 0.4056834578514099, 0.5103546380996704)","(0.0, 0.0, 0.0)","['avg', 0.11295405775308609, 0.031206419691443443, 0.03925804793834686]"
0284-01.html,"(1.0000003576278687, 1.0000003576278687, 1.0000003576278687)","(1.0000003576278687, 1.0000003576278687, 1.0000003576278687)","(1.0000003576278687, 1.0000003576278687, 1.0000003576278687)","(1.0000003576278687, 1.0000003576278687, 1.0000003576278687)","(1.0000003576278687, 1.0000003576278687, 1.0000003576278687)","(1.0000003576278687, 1.0000003576278687, 1.0000003576278687)","(1.0000003576278687, 1.0000003576278687, 1.0000003576278687)","(0.6869933009147644, 0.33249175548553467, 0.44810783863067627)","(0.5693802237510681, 0.239044189453125, 0.3367217183113098)","(0.4050391614437103, 0.15476149320602417, 0.22395282983779907)","(0.4251481890678406, 0.7530234456062317, 0.5434633493423462)","(0.13593704998493195, 0.2589123547077179, 0.17827445268630981)","(1.0000003576278687, 1.0000003576278687, 1.0000003576278687)","['avg', 0.7863461971282959, 0.7490950226783752, 0.7485018372535706]"
0291-01.html,"(1.0000003576278687, 1.0000003576278687, 1.0000003576278687)","(1.0000003576278687, 1.0000003576278687, 1.0000003576278687)","(1.0000003576278687, 1.0000003576278687, 1.0000003576278687)","(1.0000003576278687, 1.0000003576278687, 1.0000003576278687)","(1.0000003576278687, 1.0000003576278687, 1.0000003576278687)","(1.0000003576278687, 1.0000003576278687, 1.0000003576278687)","(1.0000003576278687, 1.0000003576278687, 1.0000003576278687)","(0.3709633946418762, 0.28375691175460815, 0.3215523362159729)","(0.553337574005127, 0.4685506522655487, 0.5074266791343689)","(0.5865911245346069, 0.47491103410720825, 0.5248761773109436)","(0.22830025851726532, 0.6164926290512085, 0.3332069516181946)","(1.0000003576278687, 1.0000003576278687, 1.0000003576278687)","(1.0000003576278687, 1.0000003576278687, 1.0000003576278687)","['avg', 0.8260918855667114, 0.8341318368911743, 0.822081983089447]"
0298-01.html,"(1.000000238418579, 1.000000238418579, 1.000000238418579)","(1.000000238418579, 1.000000238418579, 1.000000238418579)","(1.000000238418579, 1.000000238418579, 1.000000238418579)","(1.000000238418579, 1.000000238418579, 1.000000238418579)","(1.000000238418579, 1.000000238418579, 1.000000238418579)","(1.000000238418579, 1.000000238418579, 1.000000238418579)","(1.000000238418579, 1.000000238418579, 1.000000238418579)","(0.5888535976409912, 0.4195837378501892, 0.49001237750053406)","(0.37096336483955383, 0.2811373174190521, 0.3198636472225189)","(0.5285511016845703, 0.5144391655921936, 0.5213996767997742)","(0.3990824818611145, 0.6714688539505005, 0.5006232261657715)","(0.7693561315536499, 0.7693561315536499, 0.7693561315536499)","(1.000000238418579, 1.000000238418579, 1.000000238418579)","['avg', 0.8197545409202576, 0.8196913003921509, 0.8154813051223755]"
0302-01.html,"(1.0000003576278687, 1.0000003576278687, 1.0000003576278687)","(1.0000003576278687, 1.0000003576278687, 1.0000003576278687)","(1.0000003576278687, 1.0000003576278687, 1.0000003576278687)","(1.0000003576278687, 1.0000003576278687, 1.0000003576278687)","(1.0000003576278687, 1.0000003576278687, 1.0000003576278687)","(1.0000003576278687, 1.0000003576278687, 1.0000003576278687)","(1.0000003576278687, 1.0000003576278687, 1.0000003576278687)","(0.5888535380363464, 0.43701741099357605, 0.5016990900039673)","(0.6139529943466187, 0.48484402894973755, 0.541813313961029)","(0.6651917099952698, 0.6498948335647583, 0.657454252243042)","(0.3050692081451416, 0.6272871494293213, 0.4104996621608734)","(0.8278370499610901, 0.8278370499610901, 0.8278370499610901)","(1.0000003576278687, 1.0000003576278687, 1.0000003576278687)","['avg', 0.8462235927581787, 0.8482218384742737, 0.8414850831031799]"
0324-01.html,"(1.000000238418579, 1.000000238418579, 1.000000238418579)","(1.000000238418579, 1.000000238418579, 1.000000238418579)","(1.000000238418579, 1.000000238418579, 1.000000238418579)","(1.000000238418579, 1.000000238418579, 1.000000238418579)","(1.000000238418579, 1.000000238418579, 1.000000238418579)","(1.000000238418579, 1.000000238418579, 1.000000238418579)","(1.000000238418579, 1.000000238418579, 1.000000238418579)","(1.000000238418579, 1.000000238418579, 1.000000238418579)","(1.000000238418579, 1.000000238418579, 1.000000238418579)","(0.7818202376365662, 0.3482723832130432, 0.48188331723213196)","(0.7038900852203369, 0.5835491418838501, 0.6380952596664429)","(0.1952744871377945, 0.25869300961494446, 0.22255399823188782)","(1.000000238418579, 1.000000238418579, 1.000000238418579)","['avg', 0.8985375165939331, 0.8608090281486511, 0.8725026845932007]"
0342-01.html,"(0.0, 0.0, 0.0)","(0.0, 0.0, 0.0)","(0.0, 0.0, 0.0)","(0.0, 0.0, 0.0)","(0.0, 0.0, 0.0)","(0.0, 0.0, 0.0)","(0.0, 0.0, 0.0)","(0.0, 0.0, 0.0)","(0.0, 0.0, 0.0)","(0.381499707698822, 0.0, 0.0)","(0.39908239245414734, 0.0, 0.0)","(0.8282149434089661, 0.4662638306617737, 0.5966365337371826)","(0.0, 0.0, 0.0)","['avg', 0.123753622174263, 0.035866446793079376, 0.04589511826634407]"
0353-01.html,"(0.0, 0.0, 0.0)","(0.0, 0.0, 0.0)","(0.0, 0.0, 0.0)","(0.0, 0.0, 0.0)","(0.0, 0.0, 0.0)","(0.0, 0.0, 0.0)","(0.0, 0.0, 0.0)","(0.0, 0.0, 0.0)","(0.0, 0.0, 0.0)","(0.0, 0.0, 0.0)","(0.4682062268257141, 0.0, 0.0)","(0.67735755443573, 0.5565049052238464, 0.6110126972198486)","(0.0, 0.0, 0.0)","['avg', 0.08812029659748077, 0.04280807077884674, 0.04700097814202309]"
0355-01.html,"(1.000000238418579, 1.000000238418579, 1.000000238418579)","(1.000000238418579, 1.000000238418579, 1.000000238418579)","(1.000000238418579, 1.000000238418579, 1.000000238418579)","(1.000000238418579, 1.000000238418579, 1.000000238418579)","(1.000000238418579, 1.000000238418579, 1.000000238418579)","(1.000000238418579, 1.000000238418579, 1.000000238418579)","(0.7693561315536499, 0.7693561315536499, 0.7693561315536499)","(1.000000238418579, 1.000000238418579, 1.000000238418579)","(1.000000238418579, 1.000000238418579, 1.000000238418579)","(0.7489058375358582, 0.3315221965312958, 0.45959359407424927)","(0.7665165066719055, 0.1879792958498001, 0.3019169569015503)","(0.3990824818611145, 0.6714688539505005, 0.5006232261657715)","(1.000000238418579, 1.000000238418579, 1.000000238418579)","['avg', 0.8987587690353394, 0.843102216720581, 0.8485763072967529]"
0358-01.html,"(0.0, 0.0, 0.0)","(0.0, 0.0, 0.0)","(0.0, 0.0, 0.0)","(0.0, 0.0, 0.0)","(0.0, 0.0, 0.0)","(0.0, 0.0, 0.0)","(0.0, 0.0, 0.0)","(0.0, 0.0, 0.0)","(0.5151407122612, 0.0, 0.0)","(0.4044516086578369, 0.0, 0.0)","(0.22830042243003845, 0.0, 0.0)","(0.0, 0.0, 0.0)","(0.0, 0.0, 0.0)","['avg', 0.08829943835735321, 0.0, 0.0]"
0368-01.html,"(1.0000001192092896, 1.0000001192092896, 1.0000001192092896)","(1.0000001192092896, 1.0000001192092896, 1.0000001192092896)","(1.0000001192092896, 1.0000001192092896, 1.0000001192092896)","(1.0000001192092896, 1.0000001192092896, 1.0000001192092896)","(1.0000001192092896, 1.0000001192092896, 1.0000001192092896)","(0.705708384513855, 0.705708384513855, 0.705708384513855)","(0.9304754734039307, 0.9304754734039307, 0.9304754734039307)","(0.3446376919746399, 0.2961460053920746, 0.3185570538043976)","(0.7863664627075195, 0.30662670731544495, 0.4412122070789337)","(0.5046395063400269, 0.1547464281320572, 0.2368602603673935)","(0.5042862296104431, 0.6967368721961975, 0.5850924849510193)","(1.0000001192092896, 1.0000001192092896, 1.0000001192092896)","(0.4308585524559021, 0.7514608502388, 0.547691822052002)","['avg', 0.7851517796516418, 0.7570693492889404, 0.7511998414993286]"
0374-01.html,"(1.0000003576278687, 1.0000003576278687, 1.0000003576278687)","(1.0000003576278687, 1.0000003576278687, 1.0000003576278687)","(1.0000003576278687, 1.0000003576278687, 1.0000003576278687)","(1.0000003576278687, 1.0000003576278687, 1.0000003576278687)","(1.0000003576278687, 1.0000003576278687, 1.0000003576278687)","(1.0000003576278687, 1.0000003576278687, 1.0000003576278687)","(1.0000003576278687, 1.0000003576278687, 1.0000003576278687)","(1.0000003576278687, 1.0000003576278687, 1.0000003576278687)","(1.0000003576278687, 1.0000003576278687, 1.0000003576278687)","(0.6648229956626892, 0.4523054361343384, 0.5383500456809998)","(0.43374907970428467, 0.1962568163871765, 0.2702394127845764)","(1.0000003576278687, 1.0000003576278687, 1.0000003576278687)","(1.0000003576278687, 1.0000003576278687, 1.0000003576278687)","['avg', 0.9306597113609314, 0.8960435390472412, 0.9083532691001892]"
0376-01.html,"(1.0000003576278687, 1.0000003576278687, 1.0000003576278687)","(1.0000003576278687, 1.0000003576278687, 1.0000003576278687)","(1.0000003576278687, 1.0000003576278687, 1.0000003576278687)","(1.0000003576278687, 1.0000003576278687, 1.0000003576278687)","(1.0000003576278687, 1.0000003576278687, 1.0000003576278687)","(1.0000003576278687, 1.0000003576278687, 1.0000003576278687)","(1.0000003576278687, 1.0000003576278687, 1.0000003576278687)","(1.0000003576278687, 1.0000003576278687, 1.0000003576278687)","(0.4961473345756531, 0.7164485454559326, 0.5862860679626465)","(0.5902705788612366, 0.6299167275428772, 0.609449565410614)","(0.5247127413749695, 0.5670515894889832, 0.5450612306594849)","(1.0000003576278687, 1.0000003576278687, 1.0000003576278687)","(1.0000003576278687, 1.0000003576278687, 1.0000003576278687)","['avg', 0.8931642174720764, 0.9164170026779175, 0.9031384587287903]"
0380-01.html,"(1.0000001192092896, 1.0000001192092896, 1.0000001192092896)","(1.0000001192092896, 1.0000001192092896, 1.0000001192092896)","(1.0000001192092896, 1.0000001192092896, 1.0000001192092896)","(1.0000001192092896, 1.0000001192092896, 1.0000001192092896)","(1.0000001192092896, 1.0000001192092896, 1.0000001192092896)","(1.0000001192092896, 1.0000001192092896, 1.0000001192092896)","(1.0000001192092896, 1.0000001192092896, 1.0000001192092896)","(1.0000001192092896, 1.0000001192092896, 1.0000001192092896)","(1.0000001192092896, 1.0000001192092896, 1.0000001192092896)","(0.32652342319488525, 0.25248515605926514, 0.2847706377506256)","(0.6879553198814392, 0.5461158752441406, 0.608884334564209)","(0.1952744424343109, 0.2586929500102997, 0.22255396842956543)","(1.0000001192092896, 1.0000001192092896, 1.0000001192092896)","['avg', 0.862288773059845, 0.8505611419677734, 0.8550930619239807]"
0383-01.html,"(0.0, 0.0, 0.0)","(0.0, 0.0, 0.0)","(0.0, 0.0, 0.0)","(0.0, 0.0, 0.0)","(0.0, 0.0, 0.0)","(0.0, 0.0, 0.0)","(0.0, 0.0, 0.0)","(0.0, 0.0, 0.0)","(0.0, 0.0, 0.0)","(0.0, 0.0, 0.0)","(0.0, 0.0, 0.0)","(0.7398654222488403, 0.7289832234382629, 0.7343840003013611)","(0.0, 0.0, 0.0)","['avg', 0.05691272392868996, 0.05607563257217407, 0.056491076946258545]"
0391-01.html,"(0.0, 0.0, 0.0)","(0.0, 0.0, 0.0)","(0.0, 0.0, 0.0)","(0.0, 0.0, 0.0)","(0.0, 0.0, 0.0)","(0.0, 0.0, 0.0)","(0.0, 0.0, 0.0)","(0.0, 0.0, 0.0)","(0.4961472749710083, 0.0, 0.0)","(0.6028315424919128, 0.5029151439666748, 0.5483590364456177)","(0.658083438873291, 0.5917502641677856, 0.6231565475463867)","(0.0, 0.0, 0.0)","(0.0, 0.0, 0.0)","['avg', 0.13515862822532654, 0.0842050313949585, 0.09011658281087875]"
0395-01.html,"(0.0, 0.0, 0.0)","(0.0, 0.0, 0.0)","(0.0, 0.0, 0.0)","(0.0, 0.0, 0.0)","(0.0, 0.0, 0.0)","(0.0, 0.0, 0.0)","(0.0, 0.0, 0.0)","(0.0, 0.0, 0.0)","(0.0, 0.0, 0.0)","(0.0, 0.0, 0.0)","(0.425148069858551, 0.0, 0.0)","(0.7317278981208801, 0.6294757127761841, 0.6767612099647522)","(0.0, 0.0, 0.0)","['avg', 0.0889904573559761, 0.04842120781540871, 0.05205855518579483]"
0397-01.html,"(1.0000001192092896, 1.0000001192092896, 1.0000001192092896)","(1.0000001192092896, 1.0000001192092896, 1.0000001192092896)","(1.0000001192092896, 1.0000001192092896, 1.0000001192092896)","(1.0000001192092896, 1.0000001192092896, 1.0000001192092896)","(1.0000001192092896, 1.0000001192092896, 1.0000001192092896)","(1.0000001192092896, 1.0000001192092896, 1.0000001192092896)","(1.0000001192092896, 1.0000001192092896, 1.0000001192092896)","(1.0000001192092896, 1.0000001192092896, 1.0000001192092896)","(1.0000001192092896, 1.0000001192092896, 1.0000001192092896)","(0.4249211251735687, 0.26099154353141785, 0.323367178440094)","(0.6881519556045532, 0.5519751310348511, 0.6125868558883667)","(0.19628378748893738, 0.2586929202079773, 0.22320802509784698)","(1.0000001192092896, 1.0000001192092896, 1.0000001192092896)","['avg', 0.8699506521224976, 0.8516662120819092, 0.8583971858024597]"
0443-01.html,"(1.000000238418579, 1.000000238418579, 1.000000238418579)","(1.000000238418579, 1.000000238418579, 1.000000238418579)","(1.000000238418579, 1.000000238418579, 1.000000238418579)","(1.000000238418579, 1.000000238418579, 1.000000238418579)","(1.000000238418579, 1.000000238418579, 1.000000238418579)","(1.000000238418579, 1.000000238418579, 1.000000238418579)","(1.000000238418579, 1.000000238418579, 1.000000238418579)","(0.41702011227607727, 0.2548859119415283, 0.31639114022254944)","(0.4872691333293915, 0.22254648804664612, 0.3055442273616791)","(0.5835504531860352, 0.5004568099975586, 0.538818895816803)","(0.3990824818611145, 0.6714688539505005, 0.5006232261657715)","(0.7693561315536499, 0.7693561315536499, 0.7693561315536499)","(1.000000238418579, 1.000000238418579, 1.000000238418579)","['avg', 0.8197138905525208, 0.8014397025108337, 0.8023642897605896]"
0444-01.html,"(1.0000001192092896, 1.0000001192092896, 1.0000001192092896)","(1.0000001192092896, 1.0000001192092896, 1.0000001192092896)","(1.0000001192092896, 1.0000001192092896, 1.0000001192092896)","(1.0000001192092896, 1.0000001192092896, 1.0000001192092896)","(1.0000001192092896, 1.0000001192092896, 1.0000001192092896)","(1.0000001192092896, 1.0000001192092896, 1.0000001192092896)","(1.0000001192092896, 1.0000001192092896, 1.0000001192092896)","(0.6802018880844116, 0.5093060731887817, 0.5824777483940125)","(0.833066463470459, 0.5663566589355469, 0.6742960214614868)","(0.6320136785507202, 0.5391527414321899, 0.5819017887115479)","(0.39908239245414734, 0.6714687347412109, 0.5006231069564819)","(0.7693561315536499, 0.7693561315536499, 0.7693561315536499)","(1.0000001192092896, 1.0000001192092896, 1.0000001192092896)","['avg', 0.8702862858772278, 0.8504339456558228, 0.8545119762420654]"
0449-01.html,"(1.0000001192092896, 1.0000001192092896, 1.0000001192092896)","(1.0000001192092896, 1.0000001192092896, 1.0000001192092896)","(1.0000001192092896, 1.0000001192092896, 1.0000001192092896)","(1.0000001192092896, 1.0000001192092896, 1.0000001192092896)","(1.0000001192092896, 1.0000001192092896, 1.0000001192092896)","(1.0000001192092896, 1.0000001192092896, 1.0000001192092896)","(1.0000001192092896, 1.0000001192092896, 1.0000001192092896)","(0.7859832048416138, 0.4087410867214203, 0.5378038287162781)","(0.558810293674469, 0.21353688836097717, 0.30899733304977417)","(0.5748510360717773, 0.48083260655403137, 0.5236552357673645)","(0.39908239245414734, 0.6714687347412109, 0.5006231069564819)","(0.7693561315536499, 0.7693561315536499, 0.7693561315536499)","(1.0000001192092896, 1.0000001192092896, 1.0000001192092896)","['avg', 0.8529296517372131, 0.8110719919204712, 0.8184950947761536]"
0452-01.html,"(1.000000238418579, 1.000000238418579, 1.000000238418579)","(1.000000238418579, 1.000000238418579, 1.000000238418579)","(1.000000238418579, 1.000000238418579, 1.000000238418579)","(1.000000238418579, 1.000000238418579, 1.000000238418579)","(1.000000238418579, 1.000000238418579, 1.000000238418579)","(1.000000238418579, 1.000000238418579, 1.000000238418579)","(1.000000238418579, 1.000000238418579, 1.000000238418579)","(0.3834042251110077, 0.26045170426368713, 0.31018829345703125)","(0.5925068855285645, 0.3163386881351471, 0.41246360540390015)","(0.5294015407562256, 0.44822171330451965, 0.4854411482810974)","(0.3990824818611145, 0.6714688539505005, 0.5006232261657715)","(0.7693561315536499, 0.7693561315536499, 0.7693561315536499)","(1.000000238418579, 1.000000238418579, 1.000000238418579)","['avg', 0.821057915687561, 0.8050645589828491, 0.8060057759284973]"
0462-01.html,"(1.0000001192092896, 1.0000001192092896, 1.0000001192092896)","(1.0000001192092896, 1.0000001192092896, 1.0000001192092896)","(1.0000001192092896, 1.0000001192092896, 1.0000001192092896)","(0.7769674062728882, 0.7769674062728882, 0.7769674062728882)","(1.0000001192092896, 1.0000001192092896, 1.0000001192092896)","(1.0000001192092896, 1.0000001192092896, 1.0000001192092896)","(1.0000001192092896, 1.0000001192092896, 1.0000001192092896)","(1.0000001192092896, 1.0000001192092896, 1.0000001192092896)","(1.0000001192092896, 1.0000001192092896, 1.0000001192092896)","(1.0000001192092896, 1.0000001192092896, 1.0000001192092896)","(1.0000001192092896, 1.0000001192092896, 1.0000001192092896)","(0.2200881391763687, 0.1377030462026596, 0.1694105863571167)","(1.0000001192092896, 1.0000001192092896, 1.0000001192092896)","['avg', 0.9228506088256836, 0.9165133237838745, 0.9189522862434387]"
0474-01.html,"(0.0, 0.0, 0.0)","(0.0, 0.0, 0.0)","(0.0, 0.0, 0.0)","(0.0, 0.0, 0.0)","(0.0, 0.0, 0.0)","(0.0, 0.0, 0.0)","(0.0, 0.0, 0.0)","(0.0, 0.0, 0.0)","(0.46820637583732605, 0.0, 0.0)","(0.5324368476867676, 0.5071793794631958, 0.519501268863678)","(0.6696409583091736, 0.6023893356323242, 0.6342373490333557)","(0.0, 0.0, 0.0)","(0.0, 0.0, 0.0)","['avg', 0.12848339974880219, 0.08535143733024597, 0.08874912559986115]"
0479-01.html,"(0.0, 0.0, 0.0)","(0.0, 0.0, 0.0)","(0.0, 0.0, 0.0)","(0.0, 0.0, 0.0)","(0.0, 0.0, 0.0)","(0.0, 0.0, 0.0)","(0.0, 0.0, 0.0)","(0.0, 0.26573067903518677, 0.0)","(0.0, 0.24005639553070068, 0.0)","(0.5632514953613281, 0.49400919675827026, 0.5263628959655762)","(0.3990824818611145, 0.0, 0.0)","(0.7693561315536499, 0.0, 0.0)","(0.0, 0.0, 0.0)","['avg', 0.13320693373680115, 0.07690740376710892, 0.040489453822374344]"
0489-01.html,"(1.0, 1.0, 1.0)","(1.0, 1.0, 1.0)","(1.0, 1.0, 1.0)","(1.0, 1.0, 1.0)","(1.0, 1.0, 1.0)","(1.0, 1.0, 1.0)","(1.0, 1.0, 1.0)","(1.0, 1.0, 1.0)","(1.0, 1.0, 1.0)","(1.0, 1.0, 1.0)","(1.0, 1.0, 1.0)","(0.48924869298934937, 0.22342410683631897, 0.3067605197429657)","(1.0, 1.0, 1.0)","['avg', 0.9607114195823669, 0.9402633905410767, 0.9466739296913147]"
0497-01.html,"(1.0000003576278687, 1.0000003576278687, 1.0000003576278687)","(1.0000003576278687, 1.0000003576278687, 1.0000003576278687)","(1.0000003576278687, 1.0000003576278687, 1.0000003576278687)","(0.7769675254821777, 0.7769675254821777, 0.7769675254821777)","(1.0000003576278687, 1.0000003576278687, 1.0000003576278687)","(1.0000003576278687, 1.0000003576278687, 1.0000003576278687)","(1.0000003576278687, 1.0000003576278687, 1.0000003576278687)","(1.0000003576278687, 1.0000003576278687, 1.0000003576278687)","(1.0000003576278687, 1.0000003576278687, 1.0000003576278687)","(0.7672324180603027, 0.3582729399204254, 0.4884536862373352)","(0.6784420609474182, 0.5435401201248169, 0.6035447120666504)","(0.13345180451869965, 0.2589123547077179, 0.1761237382888794)","(1.0000003576278687, 1.0000003576278687, 1.0000003576278687)","['avg', 0.8735459446907043, 0.8413612842559814, 0.8496224880218506]"
0501-01.html,"(0.0, 0.0, 0.0)","(0.0, 0.0, 0.0)","(0.0, 0.0, 0.0)","(0.0, 0.0, 0.0)","(0.0, 0.0, 0.0)","(0.0, 0.0, 0.0)","(0.0, 0.0, 0.0)","(0.0, 0.0, 0.0)","(0.0, 0.0, 0.0)","(0.0, 0.0, 0.0)","(0.46820634603500366, 0.0, 0.0)","(0.6740496754646301, 0.6326690316200256, 0.652704119682312)","(0.0, 0.0, 0.0)","['avg', 0.08786584436893463, 0.04866684973239899, 0.05020800977945328]"
0505-01.html,"(1.0000003576278687, 1.0000003576278687, 1.0000003576278687)","(1.0000003576278687, 1.0000003576278687, 1.0000003576278687)","(1.0000003576278687, 1.0000003576278687, 1.0000003576278687)","(1.0000003576278687, 1.0000003576278687, 1.0000003576278687)","(1.0000003576278687, 1.0000003576278687, 1.0000003576278687)","(1.0000003576278687, 1.0000003576278687, 1.0000003576278687)","(1.0000003576278687, 1.0000003576278687, 1.0000003576278687)","(1.0000003576278687, 1.0000003576278687, 1.0000003576278687)","(1.0000003576278687, 1.0000003576278687, 1.0000003576278687)","(0.7975770831108093, 0.39797550439834595, 0.5309948325157166)","(0.5789974927902222, 0.28263697028160095, 0.3798503875732422)","(1.0000003576278687, 1.0000003576278687, 1.0000003576278687)","(1.0000003576278687, 1.0000003576278687, 1.0000003576278687)","['avg', 0.9520444869995117, 0.8985089659690857, 0.916219174861908]"
0518-01.html,"(0.0, 0.0, 0.0)","(0.0, 0.0, 0.0)","(0.0, 0.0, 0.0)","(0.0, 0.0, 0.0)","(0.0, 0.0, 0.0)","(0.0, 0.0, 0.0)","(0.0, 0.0, 0.0)","(0.0, 0.0, 0.0)","(0.46820637583732605, 0.0, 0.0)","(0.1952744722366333, 0.0, 0.0)","(0.19962380826473236, 0.0, 0.0)","(0.0, 0.32176393270492554, 0.0)","(0.0, 0.0, 0.0)","['avg', 0.06639266759157181, 0.024751070886850357, 0.0]"
0523-01.html,"(1.0000001192092896, 1.0000001192092896, 1.0000001192092896)","(1.0000001192092896, 1.0000001192092896, 1.0000001192092896)","(1.0000001192092896, 1.0000001192092896, 1.0000001192092896)","(0.7769678235054016, 0.7769678235054016, 0.7769678235054016)","(1.0000001192092896, 1.0000001192092896, 1.0000001192092896)","(1.0000001192092896, 1.0000001192092896, 1.0000001192092896)","(1.0000001192092896, 1.0000001192092896, 1.0000001192092896)","(1.0000001192092896, 1.0000001192092896, 1.0000001192092896)","(1.0000001192092896, 1.0000001192092896, 1.0000001192092896)","(0.5560430288314819, 0.5418386459350586, 0.5488489270210266)","(0.7146826386451721, 0.526624321937561, 0.6064079999923706)","(0.7693561315536499, 0.7693561315536499, 0.7693561315536499)","(1.0000001192092896, 1.0000001192092896, 1.0000001192092896)","['avg', 0.9090039134025574, 0.8934452533721924, 0.9001216888427734]"
0526-01.html,"(1.0000001192092896, 1.0000001192092896, 1.0000001192092896)","(1.0000001192092896, 1.0000001192092896, 1.0000001192092896)","(1.0000001192092896, 1.0000001192092896, 1.0000001192092896)","(1.0000001192092896, 1.0000001192092896, 1.0000001192092896)","(1.0000001192092896, 1.0000001192092896, 1.0000001192092896)","(1.0000001192092896, 1.0000001192092896, 1.0000001192092896)","(1.0000001192092896, 1.0000001192092896, 1.0000001192092896)","(0.33843761682510376, 0.24941353499889374, 0.2871846556663513)","(0.30495020747184753, 0.17544476687908173, 0.22274138033390045)","(0.426830917596817, 0.1465313881635666, 0.21816617250442505)","(1.0000001192092896, 1.0000001192092896, 1.0000001192092896)","(0.7769674062728882, 0.7769674062728882, 0.7769674062728882)","(1.0000001192092896, 1.0000001192092896, 1.0000001192092896)","['avg', 0.8343991041183472, 0.7960275411605835, 0.8080815672874451]"
0537-01.html,"(0.0, 0.0, 0.0)","(0.0, 0.0, 0.0)","(0.0, 0.0, 0.0)","(0.0, 0.0, 0.0)","(0.0, 0.0, 0.0)","(0.0, 0.0, 0.0)","(0.0, 0.0, 0.0)","(0.0, 0.0, 0.0)","(0.46820634603500366, 0.0, 0.0)","(0.19527435302734375, 0.0, 0.0)","(0.19962376356124878, 0.0, 0.0)","(0.0, 0.19568075239658356, 0.0)","(0.0, 0.0, 0.0)","['avg', 0.06639265269041061, 0.015052365139126778, 0.0]"
0542-01.html,"(0.0, 0.0, 0.0)","(0.0, 0.0, 0.0)","(0.0, 0.0, 0.0)","(0.0, 0.0, 0.0)","(0.0, 0.0, 0.0)","(0.0, 0.0, 0.0)","(0.0, 0.0, 0.0)","(0.0, 0.0, 0.0)","(0.0, 0.0, 0.0)","(0.381499707698822, 0.0, 0.0)","(0.39908239245414734, 0.0, 0.0)","(0.7660660147666931, 0.4153327941894531, 0.5386366248130798)","(0.0, 0.0, 0.0)","['avg', 0.11897292733192444, 0.03194867819547653, 0.04143358767032623]"
0551-01.html,"(0.0, 0.0, 0.0)","(0.0, 0.0, 0.0)","(0.0, 0.0, 0.0)","(0.0, 0.0, 0.0)","(0.0, 0.0, 0.0)","(0.0, 0.0, 0.0)","(0.0, 0.0, 0.0)","(0.0, 0.0, 0.0)","(0.46820634603500366, 0.0, 0.0)","(0.19628368318080902, 0.0, 0.0)","(0.19962376356124878, 0.0, 0.0)","(0.0, 0.1692737340927124, 0.0)","(0.0, 0.0, 0.0)","['avg', 0.06647029519081116, 0.013021056540310383, 0.0]"
avg,"[0.6553970277309418, 0.6553970277309418, 0.6553970277309418]","[0.654320377856493, 0.654320377856493, 0.654320377856493]","[0.653957067678372, 0.653957067678372, 0.653957067678372]","[0.6448131271948417, 0.625429107186695, 0.6263305066774288]","[0.6291247320671877, 0.6132466529185573, 0.6186963186288873]","[0.6187215149402618, 0.6105579442034165, 0.6116017607661585]","[0.5889444729934136, 0.5603072354570031, 0.5654681129381061]","[0.5001129487839838, 0.4274791250936687, 0.44140016722182435]","[0.5339282103814185, 0.44237153930589557, 0.4489674523162345]","[0.46141838903228444, 0.3593517556243266, 0.36680510244332254]","[0.5227920768472055, 0.451993475202471, 0.4209138513542712]","[0.5528181324092051, 0.5411175899207592, 0.5177083640980223]","[0.6514252629131079, 0.6490046897282203, 0.6468820956846079]","[0.589828718525286, 0.5572718144543708, 0.5560344773380516]"
